Department,Question,Method3,Answer 3 References,Method2,Answer 2 References,Method1
Mech,"What sensor suites are most commonly used on small drones, and what specific functions does each sensor support?  ","A robust end-to-end pipeline combining a custom YOLO object detection network with the ZED2 stereo camera system allows for accurate localization of multiple drones in GPS-denied environments, facilitating cooperative formation control and search and rescue operations. The system estimates follower drone positions in the leader’s frame of reference using least squares estimation, with results validated both in real-world and simulated environments [1]. Complementary research explores alternative sensor fusion methods using low-cost MEMS inertial sensors to overcome noise and bias challenges in small UAVs, enhancing orientation estimation [2]. Stereo vision-based aerial mapping, integrating GPS and inertial sensors, enables 3D point cloud generation and georeferencing, vital for complex unmanned missions [3]. Further, sensor capture and point cloud processing from lidar sensors support autonomous vehicle navigation by restoring geometric information and improving segmentation accuracy [F]. Finally, mounting solutions for integrating multiple sensors on UAVs, such as 3D-printed versus fiberglass plates, are compared in terms of cost, weight, and performance, informing optimal sensor deployment [T]. Together, these advances highlight diverse strategies for localization and sensor integration in challenging environments.","[1] https://hdl.handle.net/10919/99887
[2] https://scholarworks.uvm.edu/graddis/537
[3] https://hdl.handle.net/10919/32263
[4] 561295_56_KKAC.jpg (Document: https://scholarsjunction.msstate.edu/td/3917)
[5] https://scholarsjunction.msstate.edu/td/1384","Small drones typically employ various sensor suites to support their functions. Inertial sensors and GPS are commonly used to track a drone's 3D orientation and improve safety [2]. Laser rangefinders are also used to provide precise height control, as seen in a UAV pre-trip inspection system for commercial trucks [4]. The use of sensor inputs to monitor and override autonomous system behavior is another application [1]. One document discusses program slicing to understand network traffic, which is not directly relevant to the question [3]. A figure showing a base sensor suite for an AVRP is also available, but its details are not specified [5]. The sensor suites used on small drones can vary depending on their specific applications, but they often involve a combination of inertial sensors, GPS, and other sensors like laser rangefinders. These sensors enable drones to perform tasks like navigation, stabilization, and obstacle avoidance. Overall, the choice of sensor suite depends on the drone's intended use and the level of precision required.","[1] https://hdl.handle.net/10919/89950
[2] https://hdl.handle.net/2142/99369
[3] https://hdl.handle.net/1853/62359 
[4] https://digital.library.unt.edu/ark:/67531/metadc849706/
[5] 518893_42_3N5G.jpg (Document: https://hdl.handle.net/10919/78727)","Enhancing Trust in Autonomous Systems without Verifying Software 
Motion tracking problems in Internet of Things (IoT) and wireless networking 
Leveraging program slicing to understand network traffic
Implementation of an Unmanned Aerial Vehicle for New Generation Peterbilt Trucks
Figure 3.9: Base sensor suite for an AVRP
Document: The Design of an Autonomous Vehicle Research Platform"
Mech,"What quantitative trade-offs are reported between battery capacity, propeller size/pitch, and airframe mass on flight time versus payload? ","Multiple studies highlight the importance of system-level optimization and trade-off analysis in advanced vehicle design. For hypersonic and fighter aircraft, exergy-based optimization and mission-level analysis enable designers to minimize fuel consumption and exergy destruction, outperforming traditional thrust-based approaches and yielding up to 11% fuel savings while meeting stringent mission constraints[1][2]. Morphing wing technologies, despite structural and fuel penalties, can significantly reduce fuel burn over diverse mission profiles by adapting to changing flight conditions, as shown in large-scale optimization studies[2]. In mobile robotics, early-stage geometric and subsystem modeling, coupled with dynamic programming, allows for tailored hybrid power source configurations that optimize operational time and mission-specific energy use, illustrating the value of allometric and system decomposition approaches[3]. Additionally, computational models for morphing wings and bio-inspired propulsion provide insights into actuator requirements and reveal that design choices, such as wing twist or caudal fin sweep, have measurable impacts on efficiency and performance[4][5]. These findings collectively underscore that integrated, mission-aware optimization strategies—grounded in thermodynamic, geometric, and operational analyses—drive superior vehicle performance and sustainability.","[1] https://hdl.handle.net/10919/32007
[2] https://hdl.handle.net/10919/32821
[3] https://etda.libraries.psu.edu/catalog/10817
[4] https://hdl.handle.net/10919/36364
[5] https://hdl.handle.net/10919/78740","The quantitative trade-offs between battery capacity, propeller size/pitch, and airframe mass on flight time versus payload are not directly addressed in the given documents. However, some related studies are discussed. For instance, a study on bio-inspired propulsion found that wing twist and folding can positively impact flight performance [1]. Another study on fighter aircraft synthesis/design optimization explored the effects of morphing wing geometry on fuel consumption [2]. A requirements analysis methodology for turboelectric aircraft was also developed, which considers the trade-offs between electrical and non-electrical propulsion systems [3]. Additionally, a power system sizing and analysis methodology for electric aircraft conceptual design was presented, which could be relevant to understanding the trade-offs between battery capacity and other design parameters [5]. One document is irrelevant, discussing energy harvesting for passive embedded computing systems [4].","[1] https://hdl.handle.net/10919/78740
[2] https://hdl.handle.net/10919/32821
[3] https://hdl.handle.net/1721.1/111912
[4] https://doi.org/10.7275/4ypa-1h70
[5] https://hdl.handle.net/2142/110568","Power system sizing and analysis for electric aircraft conceptual design
A Requirements analysis methodology for turboelectric aircraft
Toward Efficient Bio-Inspired Propulsion: The Effect of Propulsor Shape and Kinematics on System Performance and Efficiency during Bio-inspired Locomotion
Fighter Aircraft Synthesis/Design Optimization
Exploiting Energy Harvesting for Passive Embedded Computing Systems"
Mech,"What environmental and functional qualification tests are standard for small satellites, and what pass or fail thresholds or margins are typically applied? ","Autonomous navigation and propulsion for satellites are increasingly important due to growing satellite populations and space debris. One ETD discusses the need for satellites to independently detect and avoid obstacles, ensuring operational longevity even if ground communication is lost, which can save significant hardware costs and improve mission reliability [1]. Other studies focus on system design for nanosatellites, including state-of-health monitoring subsystems to enhance reliability in error-prone space environments, such as the Ionospheric Observation Nanosatellite Formation (ION-F) project [2]. Communication and antenna design for nanosatellites have also been examined, with research on uplink antenna prototypes that meet physical constraints while achieving efficient UHF operation [3]. CubeSat advancements include embedding electromagnetic components using additive manufacturing to maximize internal volume without sacrificing surface area for solar panels [4]. Additionally, GNSS-based formation flying and ionospheric remote sensing simulations demonstrate the integration of navigation and scientific measurement capabilities in modern small satellites [5]. These collective findings highlight the multidisciplinary efforts to improve satellite autonomy, communication, and reliability for future space missions.","[1] https://hdl.handle.net/2097/1402
[2] https://hdl.handle.net/10919/36288
[3] https://hdl.handle.net/10919/35286
[4] https://etda.libraries.psu.edu/catalog/14600raa5332
[5] https://hdl.handle.net/10919/79594","The question about environmental and functional qualification tests for small satellites is not directly addressed in the given documents. However, some related information can be inferred. For instance, a retarding potential analyzer (RPA) for nano-satellite platforms was designed and tested, including bench tests and end-to-end tests in a vacuum chamber to mimic the ionospheric environment [2]. This suggests that small satellites may undergo testing in simulated environments to validate their performance. Other documents discuss unrelated topics, such as antenna diversity for handheld satellite communications systems [1], sharing methodologies between satellite services [3], behavioral testing for board-level systems [4], and a social skills program for children with exceptionalities [5]. These documents are not directly relevant to the question.","[1] https://hdl.handle.net/10919/40049
[2] https://hdl.handle.net/10919/49297
[3] https://hdl.handle.net/10919/31049 
[4] https://hdl.handle.net/10919/31445 
[5] https://hdl.handle.net/10919/64287","Electronics for a Versatile and Robust Retarding Potential Analyzer for Nano-Satellite Platforms
Small scale antenna diversity as a means of reducing the effects of multipath fading for handheld satellite communications systems
Development and Testing of a Primary Tier Social Skills Program: Effects for Children with Exceptionalities
New sharing method between the Fixed Satellite Service and the Aeronautical Mobile Satellite Service in the 14.0-14.5 GHz band
A Behavioral Test Strategy For Board Level Systems"
Mech," Which fabrication and actuation approaches are most common for soft, foldable mechanisms, and what limits on speed and force are typically observed?","The design and control of soft robotic systems have advanced through new manufacturing processes, such as multi-chambered pneumatic actuators made from fabric or plastic films, enabling the creation of soft and soft/rigid hybrid robots with integrated sensors and accurate kinematic models for precise manipulation and adaptability in complex environments [1]. Dynamic modeling approaches and optimization frameworks are essential for self-folding origami structures, leveraging active materials like magneto-active elastomers (MAEs) and electroactive polymers (EAPs) for programmable, efficient shape transformations [2]. Compliant bistable mechanisms actuated by MAEs demonstrate the feasibility of achieving large, controllable deformations, validated through finite element analysis and experiments, and show how substrate properties influence bistability and actuation performance [3]. Advanced modeling of soft robotic manipulators using Cosserat rod theory enables accurate predictions of manipulator shape and workspace, facilitating optimal design and control, while novel shape estimation methods improve endpoint accuracy [4]. Jacobian-based control using simplified dynamical models allows soft robot hands to perform robust in-hand object manipulation, bridging the gap between continuous mechanics and practical control strategies [5].","[1] https://hdl.handle.net/10919/100635
[2] https://etda.libraries.psu.edu/catalog/m900nt40f
[3] https://etda.libraries.psu.edu/catalog/22606
[4] https://etda.libraries.psu.edu/catalog/10858
[5] https://hdl.handle.net/1721.1/113126","For soft, foldable mechanisms, common fabrication approaches include using fabric or plastic films as primary structural materials, with techniques such as heat pressing or oven-based methods to create layered bellows actuators [1]. Actuation is often achieved through pneumatic means. The speed and force limits of these mechanisms are typically constrained by the material properties and the actuation method. For instance, pneumatic actuators can be limited by the pressure they can withstand and the rate at which air can be pumped in or out. Studies have shown that embedding sensors within these actuators can improve control and positioning accuracy [3]. Soft robotic systems have been explored for various applications, including manipulation and biohybrid swimming, with some studies focusing on control techniques [2] and others on novel fabrication methods [1]. While some research areas, such as biohybrid swimming [4] and high-speed atomic force microscopy [5], may not be directly related to the fabrication and actuation of soft mechanisms, they demonstrate the broader context and potential applications of soft robotics.","[1] https://hdl.handle.net/10919/100635
[2] https://hdl.handle.net/1721.1/113126
[3] https://hdl.handle.net/1853/59954
[4] https://hdl.handle.net/2142/95475
[5] https://hdl.handle.net/1721.1/61594","Design, Manufacturing, and Control of Soft and Soft/Rigid Hybrid Pneumatic Robotic Systems
Low Reynolds number biohybrid swimming
Positional estimation of soft actuators through embedded sensing
Jacobian-based control of soft robots for manipulation using implicit surface models
A system dynamics approach to user independence in high speed atomic force microscopy"
Mech,"How do origami fold patterns and unit-cell designs influence stiffness, strength, and energy absorption in engineered materials?","Recent advances in origami-inspired engineering have enabled the design, modeling, and fabrication of self-folding structures with tunable stiffness and actuation, using dynamic models, active materials, and stress-engineering techniques.
Several studies have contributed to the understanding and optimization of origami-inspired structures. A dynamic modeling framework has been developed to simulate self-folding origami, treating panels as rigid links and creases as joints with torsional stiffness and damping, and integrating active materials like magneto-active elastomers (MAE) and electroactive polymers (EAP) for actuation. This approach enables efficient design space exploration and optimization of material placement for targeted folding behaviors, validated through both simulation and experiment, and is extensible to various origami-inspired devices[1]. Complementarily, research on EAP-based materials, specifically P(VDF-TrFE-CTFE), demonstrates electric-field-driven folding and introduces a multilayered unimorph actuator model to maximize displacement or force, addressing reliability via defect self-clearing for practical applications[2]. Magnetic actuation of Miura-ori structures using neodymium magnets and MAEs has also been explored, with optimization of magnet placement and orientation to maximize folding work and mimic ideal kinematics[3]. At the nanoscale, stress-engineering via helium ion implantation enables precise folding of membranes to create 3D origami structures for microdevices, with applications in sensing and electronics, as shown in detailed fabrication figures[4]. Collectively, these advances provide robust frameworks and materials for the development of next-generation origami-inspired, self-folding, and tunable-stiffness structures.","[1] https://etda.libraries.psu.edu/catalog/m900nt40f
[2] https://etda.libraries.psu.edu/catalog/14226sua187
[3] https://etda.libraries.psu.edu/catalog/27379
[4] Figure 3-4: (a) Process for creating SiN origami structures folded with a stressed Cr hinge. (b) Resultant structures with nanopatterned gratings. (Document: https://hdl.handle.net/1721.1/67591) ","Origami fold patterns and unit-cell designs significantly influence the stiffness, strength, and energy absorption in engineered materials. Research has shown that dynamic modeling approaches can be used to simulate and optimize self-folding origami structures [1]. The design of origami-inspired structures can be tailored to achieve specific properties, such as bistability or deployability, by adjusting fold patterns and material properties. For example, the Miura-ori pattern has been studied for its potential in magnetically induced actuation [3]. Electroactive polymers (EAPs) have also been explored for their potential in achieving origami-inspired self-folding structures [2]. The stiffness, strength, and energy absorption of these structures can be influenced by factors such as fold pattern geometry, material properties, and actuation methods. Pseudo-Rigid-Body Models (PRBM) have also been used to model origami folds [4].","[1] https://etda.libraries.psu.edu/catalog/m900nt40f
[2] https://etda.libraries.psu.edu/catalog/14226sua187 
[3] https://etda.libraries.psu.edu/catalog/27379
[4] 485061_41_4ZYP.jpg (Document: https://etda.libraries.psu.edu/catalog/14667jpc301)","A Dynamic Modeling Approach and Optimization Framework for the Design of Self-folding Origami Structures
Magnetically Induced Actuation and Optimization of the Miura-ori Structure
ELECTROACTIVE POLYMER-BASED MATERIALS FOR RESPONSIVE ORIGAMI-INSPIRED STRUCTURES
Figure 1.13: PRBM of origami fold [49]
Document: Dual Optimization of Contact-Aided Compliant Mechanisms and Spatial Distribution for Passive Shape Change"
Mech,"How are muscle signals (EMG) and simple wearable motion sensors (IMUs, joint encoders) processed and mapped into control commands for wearable joints, and what latencies are typical?","The most relevant ETDs highlight a range of wearable sensor technologies and algorithms for human motion capture and joint angle estimation. Textile-based resistive sensors sewn into garments achieved elbow joint position estimation with an average error of 2.2 degrees and shoulder estimation within 3.7 degrees, showing the feasibility of wearable, low-profile systems for limb tracking [1]. Mechanomyographic (muscle sound) signals were used in a wearable thumb joystick, achieving up to 90.5% classification accuracy, offering a low-cost, non-intrusive alternative for gesture recognition [2]. For hip joint angle estimation, a novel inertial sensor approach reduced RMSE to 7.08–7.29 degrees versus optical motion capture, while easing sensor placement requirements [3]. A system for wearable knee joint sound measurement combined air and contact microphones with inertial sensors to provide context (joint angle and activity), demonstrating robust, repeatable data acquisition [4]. Additionally, robust adaptive strategies for EMG-based prosthesis control have improved dexterity and stability, and multi-sensor fusion (inertial + sEMG) has achieved up to 97% accuracy in intent recognition, underscoring the importance of combining multiple modalities for reliable motion decoding [5].","[1] https://hdl.handle.net/10919/103629
[2] https://hdl.handle.net/10919/78044
[3] https://scholarworks.uvm.edu/graddis/1044
[4] https://hdl.handle.net/1853/56367 
[5] https://jhir.library.jhu.edu/handle/1774.2/62449","Muscle signals (EMG) and wearable motion sensors (IMUs, joint encoders) are used to control wearable joints. EMG signals are processed using pattern recognition controllers to control powered hip exoskeletons, enabling intuitive control and improved performance [3]. IMUs estimate joint angles using methods like functional rotation axis-based approaches, showing promise with accurate estimates of hip joint angles [5]. Joint angle estimation methods using wearable sensors, such as resistive thread-based sensors, have also been developed, with average errors as low as 2.2 degrees for elbow joint position estimation [1]. The latency associated with these systems varies, with EMG delays reported in the range of tens to hundreds of milliseconds, which can impact control performance [3]. While some studies explore related topics, such as head orientation tracking using ultra-wide band radios [2] and knee health monitoring using bioimpedance and acoustical emissions [4], they are not directly relevant to the question. Overall, the processing and mapping of muscle signals and wearable motion sensors into control commands for wearable joints is a complex task, requiring careful consideration of sensor accuracy, latency, and control algorithms.","[1] https://hdl.handle.net/10919/103629 
[2] https://hdl.handle.net/2142/105242 
[3] https://hdl.handle.net/1853/61315 
[4] https://hdl.handle.net/1853/58238 
[5] https://scholarworks.uvm.edu/graddis/1044","Design, control, and human subject evaluation of powered hip exoskeletons
Functional Rotation Axis Based Approach for Estimating Hip Joint Angles Using Wearable Inertial Sensors: Comparison to Existing Methods
Joint Angle Estimation Method for Wearable Human Motion Capture
Headtrack: Tracking head orientation using wireless signals
Wearable technologies for knee health monitoring using bioimpedance and acoustical emissions"
Mech,How do manufacturing choices—laser-cut sheet hinges versus 3D-printed flexures—affect the strength and cycle-to-cycle consistency of origami-inspired metastructures?,"The top ETDs highlight a range of innovations in origami-inspired and 3D printed structures. Electroactive polymers such as P(VDF-TrFE-CTFE) have been used to create self-folding origami structures with fast, reversible actuation and improved reliability via multilayered designs and controlled self-clearing, supported by analytical modeling and experimental validation [1]. Dynamic modeling frameworks enable rapid simulation and optimization of self-folding origami, considering both kinematics and active material placement, and have been validated through experimental prototypes in deployable systems [2]. Additive manufacturing has been leveraged to produce origami-inspired ""4D"" RF structures, where folding directly tunes electromagnetic properties, offering continuous-range tunability for next-generation communication devices [3]. Magnetically actuated origami, such as the Miura-ori pattern, demonstrates how magnet orientation and material selection (e.g., magneto-active elastomers) affect folding performance and actuation efficiency [4]. At the nanoscale, stress-engineering and ion implantation enable the fabrication of 3D origami microstructures from flat membranes, with applications in sensors and electronics; Figure [5] illustrates the process and resulting SiN origami structures folded with stressed Cr hinges.","[1] https://etda.libraries.psu.edu/catalog/14226sua187
[2] https://etda.libraries.psu.edu/catalog/m900nt40f
[3] https://hdl.handle.net/1853/62330
[4] https://etda.libraries.psu.edu/catalog/27379
[5] Figure 3-4: (a) Process for creating SiN origami structures folded with a stressed Cr hinge. (b) Resultant structures with nanopatterned gratings. (Document: https://hdl.handle.net/1721.1/67591) ","Research on 3D-printed metallic alloys using selective laser melting (SLM) shows that microstructural variability and residual stresses lead to inconsistent fatigue performance, suggesting printed flexures may degrade faster under cyclic loading than laser-cut counterparts [1]. However, bio-inspired hierarchical composites from the same work demonstrate that optimized geometries can improve toughness and mitigate printing-related weaknesses [1]. A study on 3D-printed polymer–concrete composites highlights nacre-inspired architectures with strain-hardening and strong energy absorption, indicating that careful material design can yield robust and repeatable deformation in printed structures [2]. Similarly, tests on additively manufactured cementitious materials report anisotropic flexural strength due to print layering, emphasizing that print direction strongly affects mechanical consistency [3]. In a direct comparison, laser-cut G10 fiberglass plates exhibited higher reliability and uniformity, while 3D-printed PLA versions offered design flexibility but lower durability under load [4]. The accompanying Figure [5] (“Power Consumption Cycle of a Printer for Printing One Sheet of Paper”) is unrelated to mechanical properties and provides no insight into strength or cycle consistency.","[1] https://hdl.handle.net/10919/104944?
[2] https://hdl.handle.net/10919/102028?
[3] https://hdl.handle.net/10919/96560?
[4] https://scholarsjunction.msstate.edu/td/1384
[5] Figure: Power Comsumption Cycle of a Printe for Printing One Sheet of Paper","Multiscale Modeling of Fatigue and Fracture in Polycrystalline Metals, 3D Printed Metals, and Bio-inspired Materials
Fresh Mix Properties and Flexural Analysis with Digital Image Correlation of Additively Manufactured Cementitious Materials
Development and comparison of 3D printed mount plate vs. G10 fiberglass mount plate for UAV integration of multiple sensors
Polymer and Concrete Composites in Industrial and Infrastructure Applications
Figure 14: Power Consumption Cycle of a Printer for Printing One Sheet of Paper (Document: New power converter topologies for minimizing energy consumption of electronic appliances)"
Mech,"What thermal-control practices (radiator/MLI sizing, surface ?/? targets) keep avionics within limits over day–night orbital cycles?","Thermal management in aerospace systems is increasingly addressed using integrated simulation and optimization frameworks. One study implemented comprehensive thermodynamic models for military aircraft, focusing on the integration of higher-fidelity transient heat exchanger models, which led to notable improvements in subsystem and overall vehicle performance through mission-integrated synthesis and design optimization [1]. Another work provides an overview of commonly used thermal management techniques, illustrating the diversity of approaches in the field [2]. In the context of battery modules for electric vehicles, combining experimental and numerical approaches with active control strategies achieved up to 80% reductions in parasitic energy consumption compared to passive methods [3]. Additionally, artificial intelligence is being applied to space communications networks for real-time adaptation and optimization, enabling more efficient resource allocation and improved mission outcomes [4]. These findings collectively highlight the value of advanced modeling, optimization, and AI in addressing thermal and operational challenges in complex engineering systems.","[1] https://hdl.handle.net/10919/76855
[2] Fig. 1.2 Commonly used thermal management techniques. (Document: https://hdl.handle.net/1853/54376)
[3] https://hdl.handle.net/10919/51748
[4] https://etda.libraries.psu.edu/catalog/16634tmh5344","The CERES radiometer study analyzes transient heat conduction and thermal noise during alternating Earth and space views [1]. It quantifies temperature variations across the instrument’s structure and finds the resulting thermal noise to be negligible, showing that stable thermal time constants and emissive surface balance are important for temperature control. The pyranometer study investigates internal thermal exchanges among surfaces and filters, identifying offsets in measured radiation under varying ambient conditions [2]. The findings stress the need to limit internal radiative coupling and manage absorptivity and emissivity to maintain accurate thermal readings. The many-core processor dissertation focuses on thermal sensor calibration and feedback-based thermal control in electronic systems [3]. While not spacecraft-specific, it demonstrates how accurate sensing and dynamic regulation help keep components within thermal limits. Figure [4] simply depicts a test setup related to cyclic temperature exposure and does not provide numerical or design data.","[1] https://hdl.handle.net/10919/46305?
[2] https://hdl.handle.net/10919/35636?
[3] https://doi.org/10.7275/7532112.0
[4] Figure 47. Thermal Cycling Setup","A study of transient heat conduction and thermal noise in an Earth radiation budget radiometer
On thermal sensor calibration and software techniques for many-core thermal management
Prediction and Measurement of Thermal Exchanges within Pyranometers
Figure 47. Thermal Cycling Setup (Document: Automatic test program generation and novel test techniques for testing radio frequency and high-voltage device interface boards)"
Civil,"What key differences distinguish roller-compacted and two-lift concrete pavements, and how do they perform under traffic and freeze–thaw? ","Recent studies emphasize that concrete pavement durability under freeze-thaw cycles depends on multiple factors. Entrained air voids are essential for freeze-thaw resistance, but manufacturing variability and vibration practices can impact the air void system, affecting durability. For example, excessive vibration or delayed initiation can cause air loss, although not always reducing freeze-thaw performance; admixture type and concrete rheology play pivotal roles, particularly in mixtures with low yield stress and viscosity. Testing methods such as ASTM C666 and more severe regimens like KTMR-22 are used to evaluate durability, with findings suggesting that internal curing using lightweight or recycled aggregates can enhance early strength and reduce shrinkage while maintaining freeze-thaw resistance. Additionally, shorter curing times and salt treatments of aggregates can accelerate qualification procedures without compromising durability. The use of recycled aggregates and optimized admixtures also shows promise for sustainable and robust concrete repair materials. Figure 3.5 from one study visually details repair failures due to freeze-thaw and related distresses, illustrating the practical consequences of inadequate durability measures[1][2][3][4].","[1] https://hdl.handle.net/2097/20376
[2] https://hdl.handle.net/2097/32515
[3] https://hdl.handle.net/2097/40638
[4] Figure 3.5. Repair failure details: (a) Repair 1-Panel 1: high-severity corner break/ spall and shattered parent slab; (b) Repair 2: diagonal cracking in parent slab between Repairs 1 and 2 and cracking and spalling of Panel 2 due to the parent slab deterioration; (c) close-up of the cracking and deterioration in the parent slab and dowel slots and corner of Panel 2; (d) Repair 3- Panels 6 and 7: high-severity spalling in corner of Panels 6, 7, and the parent slabs south of the repair (Document: https://hdl.handle.net/10919/56952)","Research on pavement performance is crucial for understanding the differences between various pavement types. Studies have investigated the performance of different pavement structures, such as flexible and rigid pavements, under various conditions [1] [2]. While the specific differences between roller-compacted and two-lift concrete pavements are not addressed in the provided abstracts, related research on pavement performance and compaction methods is available. For example, a study on utility trench backfill compaction found that hydraulic plate compactors can achieve desired compacted dry mass density [3] [4]. To answer the question, further research on roller-compacted and two-lift concrete pavements is necessary.","[1] https://etda.libraries.psu.edu/catalog/15136bzk5102
[2] https://hdl.handle.net/10919/28377
[3] https://etda.libraries.psu.edu/catalog/24943
[4] 61300_94_DD6U.jpg","Effect of Hydraulic Plate Compactor and Lift Thickness on Utility Trench Backfill Compaction
Experimental and Numerical Study of Subgrade Soil Migration into Pavement Subbase and Mitigation Using Geotextil
Utilization of Instrument Response of SuperPaveTM Mixes at the Virginia Smart Road to Calibrate Laboratory Developed Fatigue Equations
Figure 30: Performance comparison under two synthetic traffic patterns. (Document: Many-core architecture for programmable hardware accelerator)"
Civil,"Which basic sampling and measurement methods are used for airborne and waterborne microplastics, and what detection limits are typical?","A statewide survey revealed that 19% of private water system households had first-draw lead concentrations above the EPA action level, with some samples reaching extremely high levels. Notably, 1% of households had elevated lead even after extensive flushing, indicating persistent sources beyond faucets. The study identified household and system characteristics linked to increased lead susceptibility and profiled three distinct patterns of lead release, underscoring the complexity of lead contamination in unregulated systems. It also questioned the representativeness of standard testing protocols for private systems, especially regarding certified ""lead-free"" components, ultimately providing new insights into populations outside federal oversight [1]. Complementing this, a table of EPA Maximum Contaminant Levels (MCLs) for volatile organic compounds (VOCs) in drinking water provides crucial regulatory benchmarks for evaluating water quality and contaminant risks [2]. Additionally, assessments in the Great Lakes Basin found pharmaceuticals, personal care products, and pesticides as complex mixtures at all sampled sites, with proximity to point sources being a key driver of contamination. These findings highlight the ubiquity and complexity of legacy and emerging contaminants, emphasizing the need for ongoing, targeted monitoring and adaptive management strategies [3].","[1] https://hdl.handle.net/10919/74273
[2] Table 2: EPA Maximum Contaminant Levels (MCLs) for VOCs in Drinking Water (Document: https://hdl.handle.net/1853/45780)
[3] https://proxy.lib.odu.edu/login?url=https://www-proquest-com.proxy.lib.odu.edu/dissertations-theses/assessment-characterization-legacy-emerging/docview/2432842647/se-2?accountid=12967","A study on waterborne pathogen detection using surface-enhanced Raman spectroscopy (SERS) demonstrated the effectiveness of advanced detection methods for waterborne contaminants [1]. Although this research is not directly related to microplastics, it highlights the importance of sensitive and specific detection methods. Another study on airborne networks and routing protocols [2] may seem unrelated, but it showcases the use of advanced technologies and protocols for monitoring and managing complex systems, which could be applied to monitoring microplastics.
A table caption from another source mentions ""Limits of Detection for Various VOCs by Sensing Method"" [3], which implies that detection limits are an important consideration for various contaminants. While VOCs are different from microplastics, the concept of detection limits is relevant. To answer the question, further research on microplastics detection methods is necessary.","[1] https://hdl.handle.net/10919/29330 
[2] https://ir.ua.edu/handle/123456789/5358
[3] Table 3: Limits of Detection for Various VOCs by Sensing Method","Surface Enhanced Raman Spectroscopy as a Tool for Waterborne Pathogen Testing
Hybrid routing in hierarchical airborne network with multi/uni/omni-directional antennas
Table 3: Limits of Detection for Various VOCs by Sensing Method (Document: A microscale chemical sensor platform for environmental monitoring)"
Civil,"How are speed, flow, and density related on roads, and which simple measures (signal timing, lane balance) reduce intersection delay?","Among the retrieved ETDs, the most relevant to signalized intersection optimization are: (1) ""Isolated Traffic Signal Optimization Considering Delay, Energy, and Environmental Impacts,"" which develops new formulations for optimizing signal cycle lengths by considering not only delay but also fuel consumption and emissions—demonstrating that optimizing for environmental impacts often results in longer cycle lengths than optimizing for delay alone [1]; (2) ""Methods to reduce dimensionality and identify candidate solutions in multi-objective signal timing problems,"" which introduces a multi-objective genetic algorithm (NSGA-II) for optimizing signal timings, allowing engineers to balance competing objectives and visualize trade-offs, thereby supporting more nuanced and location-specific signal timing decisions [2]; (3) ""Delay, Stop and Queue Estimation for Uniform and Random Traffic Arrivals at Fixed-Time Signalized Intersections,"" which rigorously compares analytical and simulation-based models for estimating delays and queues, highlighting the limitations and applicability of each under various traffic conditions [3]; and (4) Table [4] from another ETD, which presents quantitative impacts of noise on performance metrics in traffic prediction models, offering valuable empirical data for model evaluation. These works collectively provide a robust foundation for advanced signalized intersection optimization, integrating operational, environmental, and methodological perspectives.","[1] https://hdl.handle.net/10919/74238
[2] https://etda.libraries.psu.edu/catalog/14998omh5029
[3] https://hdl.handle.net/10919/27030
[4] Table 3.4: Impact of Noise on Performance Metrics of DCIGN Predictions of Test Cases (Document: https://hdl.handle.net/10919/86364)","The relationship between speed, flow, and density on roads is a fundamental concept in traffic engineering. Research has investigated various aspects of traffic flow, including the impact of intersection control on delay. A study on evaluating drivers' stop-line violation behavior at signalized intersections found that factors such as lane usage and road type influence driver behavior [1]. Another study modeled and optimized network infrastructure for autonomous vehicles, exploring the potential benefits of advanced technologies like reservation-based intersection control [2]. The results showed that optimized intersection control can significantly reduce travel times. A third study investigated the performance evaluation of connected vehicle applications, developing a novel system for providing lane merge advisories [3]. A figure from another source illustrates the roads covered in an experiment, with red and green coloring indicating different lanes [4]. While these studies do not directly address the question, they provide insights into the complex interactions between traffic flow, intersection control, and emerging technologies.","[1] https://etda.libraries.psu.edu/catalog/12375xzz117 
[2] https://hdl.handle.net/2152/47311 
[3] https://dc.etsu.edu/etd/3214 
[4] 79086_67_T9TF.jpg","Modeling and optimizing network infrastructure for autonomous vehicles
An Investigation into the Performance Evaluation of Connected Vehicle Applications: From Real-World Experiment to Parallel Simulation Paradigm
Evaluating Drivers’ Stop-line Violation Behavior at Signalized Intersections
Figure 4.4. Roads in Denton that were covered in this experiment. Red coloring indicates one side of the road (or right lane) while the green indicates the other side of the lane (left lane). Clockwise and counter-clockwise was an easier way to describe which direction while organizing the condition measurement process. (Document: A Driver, Vehicle and Road Safety System Using Smartphones)"
Civil,"How do recycled aggregates (RAP, RCA, steel slag) and supplementary cementitious materials change workability, strength gain, and long-term durability?","Research demonstrates that recycled concrete aggregate (RCA) and reclaimed asphalt pavement (RAP) can serve as sustainable alternatives to virgin aggregates in pavement subgrade and base layers. Stabilizing low-quality RCA with fly ash and Portland cement significantly enhances subgrade strength, stiffness, and shrinkage properties, with economic benefits realized when these combinations are used together[1]. Field evaluations indicate that blends of RCA and RAP (specifically a 60–40% mix) perform satisfactorily as improved subgrades, with minimal rutting under load, while 100% RAP layers may suffer from greater deformation[2]. Studies on Portland cement treated bases show that increasing cementitious binder content improves durability, and RCA can match the performance of virgin aggregates, though freeze-thaw durability criteria may need adjustment for D-cracked aggregates[3]. The use of unconventional recycled aggregates is viable for low-volume and unsurfaced roads, but careful control of blend ratios and compaction is crucial to mitigate deformation and ensure long-term performance[2]. The addition of SCMs (supplementary cementitious materials) such as fly ash or slag further enhances performance by improving long-term hydration, reducing microcracking, and mitigating volumetric instability. This is supported by experimental evidence showing reduced length change and microstrain in SCM-modified mixtures, indicating enhanced dimensional stability and durability under cyclic moisture and temperature variations [4]. Overall, the effectiveness of recycled materials hinges on appropriate mix design, stabilization, and quality control.","[1] https://hdl.handle.net/2097/39452
[2] https://hdl.handle.net/2142/101130
[3] https://hdl.handle.net/2097/38837
[4] Figure 6.5: Percentage Length Change vs. Microstrain for Supplemental Cementitious Material Mixtures. (Document: https://hdl.handle.net/10919/27605)","The use of recycled aggregates and supplementary cementitious materials can significantly impact the workability, strength gain, and long-term durability of concrete. Research has shown that recycled concrete aggregate (RCA) can be used to stabilize subgrade soil, improving its strength and stiffness [1]. Another study found that glass cullet can be used as a 100% fine aggregate replacement in Portland cement concrete, resulting in improved workability and durability [2]. A third study evaluated the performance of unconventional aggregates, including reclaimed asphalt pavement (RAP) and RCA, in construction platform and low-volume road applications, finding that they can be viable alternatives to traditional materials [3]. A figure from another source illustrates the compressive strengths of supplemental cementitious material mixtures, highlighting the potential benefits of using these materials [4].","[1] https://hdl.handle.net/2097/39452 
[2] https://etda.libraries.psu.edu/catalog/14794 
[3] https://hdl.handle.net/2142/101130 
[4] 502846_48_CBXQ.jpg","Evaluation of low-quality recycled concrete pavement aggregates for subgrade soil stabilization
Examining Concrete Properties Containing Recycled Glass Cullet as a 100% Fine Aggregate Replacement
Performance evaluation of unconventional aggregates from primary and recycled sources for construction platform and low volume road applications
Figure 5.4 Compressive Strengths for Supplemental Cementitious Material Mixtures. (Document: Development of Concrete Shrinkage Performance Specifications)"
Civil,"Which entry-level hydraulic model inputs (channel geometry, roughness, boundary conditions) most influence predicted water level and velocity?","Accurate prediction of river channel morphology and sediment transport hinges on using models that capture the interplay between hydraulic geometry, watershed characteristics, and topographic features. Empirical approaches, such as those using bankfull discharge and watershed variables, have shown that bankfull discharge alone can sufficiently estimate channel width and depth, as it encapsulates the effects of other watershed parameters; however, channel slope is more sensitive to drainage area and valley slope than to discharge itself[1]. Physically-based numerical models, including 1D and 2D morphodynamic models, now incorporate constraints like the formative bankfull Shields Number and account for channel/floodplain elevations, improving predictions of channel width, depth, and incision over time[2]. Additionally, studies highlight that sediment production is often more closely linked to in-channel and site-specific parameters (e.g., bank height/slope, channel confinement) than to traditional watershed-scale predictors like the Universal Soil Loss Equation (USLE)[3]. Theoretical and numerical modeling of watershed response further confirms that soil data and channel shape are highly sensitive inputs for simulating hydrographs and erosion rates, emphasizing the importance of detailed topographic and hydraulic data in predicting watershed and channel evolution[4].","[1] https://hdl.handle.net/10919/51801
[2] https://hdl.handle.net/2142/101678
[3] https://hdl.handle.net/10919/99990
[4] https://hdl.handle.net/10217/198161","The question about the most influential entry-level hydraulic model inputs for predicted water level and velocity is not directly addressed by the provided URIs and abstracts. However, research on aggregate materials and their properties can provide some insights into the importance of accurate input parameters. A study on the durability of Wisconsin aggregate resources found that the physical and mechanical properties of aggregates are crucial for their performance in various applications [1]. Another study evaluated the use of recycled concrete aggregate (RCA) for subgrade soil stabilization, highlighting the importance of understanding the properties of materials used in construction [2]. A third study investigated the use of glass cullet as a fine aggregate replacement in concrete, demonstrating the need for accurate characterization of material properties [3]. A fourth study evaluated the performance of unconventional aggregates, including reclaimed asphalt pavement (RAP) and RCA, in construction platform and low-volume road applications, emphasizing the importance of understanding material properties and behavior [4].","[1] https://hdl.handle.net/10919/31822 
[2] https://hdl.handle.net/2097/39452 
[3] https://etda.libraries.psu.edu/catalog/14794 
[4] https://hdl.handle.net/2142/101130","Evaluation of low-quality recycled concrete pavement aggregates for subgrade soil stabilization
Examining Concrete Properties Containing Recycled Glass Cullet as a 100% Fine Aggregate Replacement
Performance evaluation of unconventional aggregates from primary and recycled sources for construction platform and low volume road applications
Investigation of Testing Methods to Determine Long-Term Durability of Wisconsin Aggregate Resources Including Natural Materials, Industrial By-Products, and Recycled/Reclaimed Materials"
Civil,"What flow strength and grain-size conditions trigger sediment motion in rivers, and how is the threshold estimated (e.g., Shields parameter)?","Experimental investigations have shown that under shallow flow conditions (relative depth <10, Froude number >0.5), the traditional Shields diagram underestimates the critical shear stress required for incipient sediment motion; the Shields parameter can be up to twice as large in shallow flows versus deep flows, and it is also dependent on particle density[1]. Turbulence fluctuations play a crucial role: both the magnitude and duration of turbulent forces (“impulse events”) are important for initiating sediment motion, with sweep-type flow structures being particularly effective at dislodging grains. The frequency of these impulse events directly influences particle entrainment rates, and increased turbulence downstream of obstacles (like cylinders) can significantly enhance sediment movement[2]. Furthermore, laboratory studies using advanced velocimetry and image analysis have demonstrated that instantaneous normal stress in the streamwise direction is the dominant factor, and that sediment entrainment often coincides with periods of energetic turbulent bursts (“bursting cycles”)[3]. Numerical and empirical studies further confirm that the relationship between non-dimensional sediment transport and the Shields parameter is complex and highly sensitive to flow regime, as illustrated in Figure [4]. Collectively, these findings suggest that predictive models for sediment incipient motion must explicitly account for turbulence statistics, impulse duration, and shallow flow effects to improve accuracy.","[1] https://hdl.handle.net/10919/30999
[2] https://hdl.handle.net/10919/28731
[3] https://hdl.handle.net/10919/30591
[4] Figure 5.6: Non-dimensional sediment transport vs. Shields parameter for selected numerical experiments (Document: Methods Development and Validation for Large Scale Simulations of Dense Particulate Flow systems in CFD-DEM Framework)"," A study on the numerical simulation of fine-grained sediment pulses in alluvial rivers investigated the mechanisms governing sediment transport and deposition [1]. Another study developed a fluvial oil-particle aggregate (OPA) drift simulator to evaluate the fate and transport of contaminated sediment in rivers, highlighting the importance of considering OPA formation in certain conditions [2]. A third study experimentally investigated the impact of permeable layer thickness on surface flow and the threshold for incipient motion of submerged objects, finding that the Shields parameter is affected by bed permeability and thickness [3]. A table from another source summarizes equations for threshold conditions in mountain rivers with shallow flows, providing a useful reference for understanding sediment transport [4].","[1] https://hdl.handle.net/10919/82348
[2] https://hdl.handle.net/2142/108062 
[3] https://hdl.handle.net/2142/105045 
[4] 522296_39_HJU1.jpg","Experimental investigation of the impact of the permeable layer thickness on the surface flow above and the threshold for incipient motion of submerged objects
Development of a fluvial oil-particle aggregate (OPA) drift simulator to evaluate the fate and transport of contaminated sediment in rivers
Numerical Simulation of the Propagation of Fine-Grained Sediment Pulses in Alluvial Rivers
Table 2.2 Summary of equations for threshold conditions in mountain rivers with shallow flows. (Document: Incipient Motion Under Shallow Flow Conditions)"
Civil,"How do rainfall intensity, soil type, and land cover shape a watershed runoff hydrograph in first-pass methods (Curve Number, Rational)?","Multiple studies demonstrate that incorporating spatial and temporal heterogeneity of watershed characteristics—such as land use, soil type, slope, and rainfall—significantly affects hydrologic and sediment modeling outcomes. For instance, a GIS-based hydrologic model showed that accounting for temporal variation in excess rainfall improved hydrograph predictions, while spatial variability in excess rainfall had less impact for some watersheds, though sensitivity analysis indicated spatial distribution can be important under certain conditions [1]. Land use and land cover changes, particularly deforestation and increased cropland, were linked to higher runoff, increased sediment yield, and altered streamflow patterns, highlighting the need for spatially explicit modeling to inform sustainable management [2]. Physically-based models using nonlinear kinematic wave approximations can simulate both water and sediment yield with sensitivity to soil and topographic data, and are capable of predicting the effects of watershed treatments [3]. Field and modeling studies of riparian hillslopes further confirmed that site-specific factors—such as slope gradient, soil horizon thickness, and flow concentration—strongly influence water and sediment movement, underscoring the necessity of detailed spatial evaluation for accurate simulation and management of watershed processes [4].","[1] https://hdl.handle.net/10919/36216
[2] https://hdl.handle.net/10919/83863
[3] https://hdl.handle.net/10217/198161
[4] https://hdl.handle.net/10919/39577","A study on the impacts of land use and land cover changes on hydrology and soil erosion in the Upper Ruvu watershed, Tanzania, found that land alterations significantly affected surface runoff and sediment yield [1]. Another study developed a GIS-based spatially distributed unit hydrograph model that accounts for spatial variation in watershed characteristics, such as slope, land use, and soil drainage potential [2]. A third study incorporated spatial and temporal variation of watershed response in a GIS-based hydrologic model, finding that accounting for temporal variation in excess rainfall improved hydrograph prediction accuracy [3]. A fourth study developed a mathematical model for simulating watershed response, including water yield, sediment yield, and stream morphology, using a nonlinear kinematic wave approximation for flow routing [4].","[1] https://hdl.handle.net/10919/83863
[2] https://hdl.handle.net/10919/35777 
[3] https://hdl.handle.net/10919/36216 
[4] https://hdl.handle.net/10217/198161","Incorporating Spatial and Temporal Variation of Watershed Response in a GIS-based Hydrologic Model
Mathematical modeling of response from small watershed
Development and Evaluation of a Gis-Based Spatially Distributed Unit Hydrograph Model
Impacts of Land Use and Land Cover Changes, and Climate Variability on Hydrology and Soil Erosion in the Upper Ruvu Watershed, Tanzania"
Civil,"Which factors most influence vehicle energy use in traffic (speed profiles, stops, grades), and what simple strategies reduce fuel consumption?","Thermal management in aerospace systems is increasingly addressed using integrated simulation and optimization frameworks. One study implemented comprehensive thermodynamic models for military aircraft, focusing on the integration of higher-fidelity transient heat exchanger models, which led to notable improvements in subsystem and overall vehicle performance through mission-integrated synthesis and design optimization [1]. Another work provides an overview of commonly used thermal management techniques, illustrating the diversity of approaches in the field [2]. In the context of battery modules for electric vehicles, combining experimental and numerical approaches with active control strategies achieved up to 80% reductions in parasitic energy consumption compared to passive methods [3]. Additionally, artificial intelligence is being applied to space communications networks for real-time adaptation and optimization, enabling more efficient resource allocation and improved mission outcomes [4]. These findings collectively highlight the value of advanced modeling, optimization, and AI in addressing thermal and operational challenges in complex engineering systems.","[1] https://hdl.handle.net/10919/76855
[2] Fig. 1.2 Commonly used thermal management techniques. (Document: https://hdl.handle.net/1853/54376)
[3] https://hdl.handle.net/10919/51748
[4] https://etda.libraries.psu.edu/catalog/16634tmh5344","The question about the factors that most influence vehicle energy use in traffic and simple strategies to reduce fuel consumption is addressed by several studies. Research has investigated various aspects of vehicle energy use, including the impact of speed profiles, stops, and grades on fuel consumption. A study on EcoRouting found that parameters such as acceleration, deceleration, and road grade affect vehicle energy consumption [1]. Another study developed an Eco-Cooperative Adaptive Cruise Control (ECACC) system that reduced fuel consumption by up to 30% [2]. Additional studies have quantified the environmental impacts of roadway grades and proposed procedures for screening high emitting vehicles [3], and systematically quantified the impact of various travel-related and driver-related factors on vehicle fuel consumption and emissions [4]. While these studies provide insights into vehicle energy use, they highlight the complexity of the issue and the need for further research.","[1] https://hdl.handle.net/10919/78678 
[2] https://hdl.handle.net/10919/56987 
[3] https://hdl.handle.net/10919/46178 
[4] https://hdl.handle.net/10919/33350","Quantifying the Impact of Traffic-Related and Driver-Related Factors on Vehicle Fuel Consumption and Emissions
An Analysis of EcoRouting Using a Variable Acceleration Rate Synthesis Model
Developing Procedures for Screening High Emitting Vehicles and Quantifying the Environmental Impacts of Grades
Eco-Driving in the Vicinity of Roadway Intersections - Algorithmic Development, Modeling and Testing"
Ece,Which methods are commonly used to estimate a spacecraft’s orientation from onboard sensors?  ,"Recent research demonstrates significant advances in sensor fusion and estimation techniques for object orientation and pose estimation in various autonomous systems. Notably, low-cost MEMS inertial sensors can be effectively fused, overcoming accelerometer vibration noise and gyroscope bias through tailored algorithms, which is particularly beneficial for small UAVs facing such challenges [1]. In automotive contexts, radar-based fusion methods have been developed to estimate trailer rotation by registering radar point clouds and applying Kalman filtering, with calibration approaches ensuring robust deployment across environments [2]. For spacecraft, compressive sensing frameworks have been designed to reduce sensor count and power consumption during attitude determination, using ultra-sparse measurement matrices and empirically fast recovery algorithms to extract orientation from star field images [3]. Additionally, integrating IMUs and wheel encoders with absolute time-of-flight sensors via particle filtering enables accurate, drift-free localization in mobile robots, successfully handling nonlinearities and supporting perpetual navigation [4]. A practical illustration of vehicle coordinate frame standards is provided in Figure [F][5], which aids in understanding the spatial reference systems essential for sensor fusion and orientation estimation. Together, these works highlight the effectiveness of multi-sensor data fusion, advanced estimation algorithms, and calibration in achieving high-accuracy orientation and pose estimation, even under noise, drift, and environmental variability.","[1] https://scholarworks.uvm.edu/graddis/537
[2] https://doi.org/10.37099/mtu.dc.etdr/1102
[3] https://hdl.handle.net/1721.1/66422
[4] https://hdl.handle.net/2142/99528
[5]481843_76_ZF0D.jpg","Estimating a spacecraft’s orientation using onboard sensors can involve various methods from different domains. Articulated robotic tails, designed to assist with balance in legged robots, have been explored for inertial adjustments which may influence orientation estimation strategies [1]. In underwater environments, relative pose estimation is achieved through fusion of sonar and camera data using factor graphs, enhancing motion tracking even in featureless settings [2]. Similar sensor fusion using LiDAR and monocular cameras aids in tracking pedestrians, which implies comparable techniques could apply to spacecraft for detecting surrounding objects and estimating position changes [3]. Orientation estimation has also been examined using the Instantaneous Phase Method for wire targets, providing angular estimates from numerical data, which could theoretically be adapted for spacecraft wire-based sensing or calibration [5]. While not directly related, studies comparing verbal list learning tasks in neuropsychology demonstrate the importance of choosing appropriate evaluation methods when dealing with multiple information sources, which might loosely parallel the need to assess different sensor types for orientation [4].","[1] https://hdl.handle.net/10919/82908
[2] https://hdl.handle.net/1853/56179
[3] https://hdl.handle.net/1721.1/106011
[4] https://hdl.handle.net/10657/1154
[5] 61718_154_EBCB.jpg","Under-ice relative pose estimation and ice anomaly mapping with an unmanned underwater vehicle
Design and Implementation of Articulated Robotic Tails to Augment the Performance of Reduced Degree-of-Freedom Legged Robots
Similarities and Differences among Commonly Used Verbal List Learning Tasks
Pedestrian detection and tracking for mobility on demand
Figure 115: Orientation angle estimates (in degrees) with the Instantaneous Phase Method for wire targets from numerical results.
Document: Analysis of resistive-vee dipole antennas for producing polarization diversity"
Ece,What factors influence real-world energy efficiency outcomes in buildings and power systems? ,"Combined heat and power (CHP) systems, as applied to commercial buildings, offer significant opportunities for cost savings, emissions reductions, and improved primary energy efficiency by utilizing waste heat and minimizing transmission losses. For example, natural gas-based CHP, especially when integrated with thermal energy storage (TES), can further boost these benefits by storing excess thermal energy for later use, as demonstrated in detailed analyses of U.S. commercial buildings[1]. Beyond CHP, distributed energy systems that combine photovoltaics (PV), battery storage (BES), and TES, optimized through multi-objective algorithms, can achieve a balance between economic and environmental goals, with payback periods and carbon emissions highly sensitive to system sizing and regional factors[2]. The integration of renewable energy sources like solar PV, alongside intelligent control strategies such as precooling and leveraging building thermal mass, not only reduces operational costs but also supports grid stability by providing frequency regulation services[3]. At the occupant level, eco-feedback systems and data-driven behavioral modeling have proven effective in motivating energy-efficient behaviors, quantifying conservation impacts, and optimizing comfort and energy use, with savings between 11% and 22% achievable without sacrificing occupant satisfaction[4]. Additionally, the complexity and accuracy of building energy simulations can be improved by classifying buildings based on energy use patterns and focusing on significant heat transfer processes, as shown in frameworks that streamline simulation inputs for rapid and reliable results[5]. These multifaceted approaches collectively highlight the importance of integrating technology, occupant behavior, and smart optimization in advancing energy efficiency and sustainability in commercial buildings.","https://scholarsjunction.msstate.edu/td/1086
https://scholarsjunction.msstate.edu/td/4228
https://ir.ua.edu/handle/123456789/3344
https://hdl.handle.net/10919/64867
https://etda.libraries.psu.edu/catalog/21156 [Figure]","Real-world energy efficiency outcomes in buildings and power systems are affected by a mix of factors, some of which involve electric vehicle charging and how it stresses distribution systems unless managed with solar and ice storage in buildings [1]. There’s also the issue of braking and propelling losses in electric vehicles, which matter because they tell us where energy is wasted during drive cycles and how that affects efficiency depending on the battery or grid source [2]. Remote sensing systems using solar energy have their own problems like unreliable communication, data loss, and harsh conditions, which makes it harder to maintain efficient operation [3]. Traffic prediction using machine learning is also discussed somewhere, and apparently helps reduce energy use, though it’s not clear how exactly [4]. Lastly, real-time energy measurements using some setup shown in a figure are important too, since knowing what’s being used helps in being efficient [5].
References","[1] https://hdl.handle.net/10919/86654
[2] https://hdl.handle.net/10919/32879
[3] https://hdl.handle.net/2142/29723
[4] https://etda.libraries.psu.edu/catalog/16333hzz5039
[5] 49966_41_C7DZ.jpg","Energy Losses for Propelling and Braking Conditions of an Electric Vehicle
An Approach to Mitigate Electric Vehicle Penetration Challenges through Demand Response, Solar Photovoltaics and Energy Storage Applications in Commercial Buildings
Towards building reliable solar-powered remotely-deployed sensing systems
Temporal and Structural Machine Learning from Transportation Data
Figure 10: Real Time Energy and Efficiency Measurement Setup.
Document: New power converter topologies for minimizing energy consumption of electronic appliances"
Ece,"Which approaches are used to estimate appliance-level energy use from one meter, and how are they compared? ","Automated residential energy management technologies, such as Residential Energy Management Systems (REMS), programmable thermostats, direct load control, and smart appliance scheduling, are increasingly used to optimize household energy use, reduce costs, and mitigate environmental impacts. Simulation studies demonstrate that REMS can monitor, plan, and control energy consumption at the appliance level, accounting for consumer behavior and stochastic usage patterns. These systems, when combined with stationary batteries and advanced scheduling, help utilities compare technology options and guide investment strategies by quantifying impacts on fuel use and emissions[1]. Data-driven analytics, leveraging smart meter data, enable segmentation of consumers for demand response (DR) programs, identify time-of-use patterns for flexible loads, and assess the adoption of distributed resources like solar panels and batteries. Such approaches have shown that targeted DR can achieve significant peak reduction, and integrating batteries or smart loads improves self-sufficiency and demand-supply balance at the community level[2]. Additionally, the proliferation of smart meter data presents opportunities and challenges for both utilities and consumers to optimize energy use, though analysis is complicated by aggregated and coarse measurements[3]. Detailed clustering techniques using high-resolution energy data further enhance understanding of household consumption patterns and support personalized energy programs[4]. To illustrate the effectiveness of such management systems, Figure 48 from a REMS simulation study visually depicts daily energy outcomes under direct load control scenarios, highlighting the tangible benefits of automated control strategies[5].","[1] https://hdl.handle.net/1853/45865
[2] https://hdl.handle.net/10919/99210
[3] https://doi.org/10.7275/6040398.0
[4] https://hdl.handle.net/10919/99317
[5] Figure Link (Document: https://hdl.handle.net/1853/45865)","Appliance-level energy use estimation from a single meter has been studied using different methods that try to figure out what devices are on based on overall power usage, but the ways they do this can be quite different. Some data-driven approaches use machine learning to detect appliance usage times (ToU) without requiring sensors on every appliance, instead training models on buildings with similar energy shapes to identify things like dryers and electric vehicles from smart meter data [2]. Another work talks about how smart plugs and solar meters can provide detailed data, though it doesn’t go into how exactly they compare with one-meter methods [3]. A separate project focuses on managing appliances for demand response using preferences and settings but doesn’t really show how energy is broken down per appliance unless there’s extra hardware [1]. Meanwhile, there’s a figure that shows estimated energy compared to measured energy, but it’s not explained how the estimate was done or how accurate it is in general [5]. One unrelated document talks about romantic relationship breakups [4], which doesn’t have anything to do with appliance energy estimation but was included anyway.","[1] https://hdl.handle.net/10919/23689
[2] https://hdl.handle.net/10919/99210
[3] https://doi.org/10.7275/13576654
[4] https://hdl.handle.net/2346/13558
[5] 433023_84_P7I4.jpg ","Data-driven customer energy behavior characterization for distributed energy management
Design and Implementation of a Web-based Home Energy Management System for Demand Response Applications
Figure 6.6: Estimated and measured energy. Estimated energy calculated using generated model compared to total energy directly measured using external power meter.
Document: A flexible fine-grained adaptive framework for parallel mobile hybrid cloud applications
Relationship breakups: Are they all bad?
Scalable Data-driven Modeling and Analytics for Smart Buildings"
Ece,What energy and peak-demand savings are reported for common HVAC upgrades in buildings?,"Commercial and residential buildings play a crucial role in grid stability and energy efficiency, especially during peak demand periods. In commercial settings, innovative demand response (DR) strategies are being developed, such as machine learning-based load disaggregation techniques that accurately predict individual HVAC power consumption from aggregated data, enabling tailored load control and optimal bid pricing for double-auction DR schemes that consider user preferences and priorities[1]. The integration of electric vehicles (EVs), solar photovoltaics (PV), and ice storage in commercial buildings further enhances grid flexibility, allowing for coordinated control strategies that mitigate the challenges of EV charging and maximize benefits from clean energy and storage, all while maintaining occupant comfort[2]. On the residential side, microgrid optimization using controllable loads like HVAC and water heaters, coupled with local PV generation, can achieve significant energy savings, peak reduction, and cost benefits, as demonstrated in studies showing up to 41.3% reduction in peak energy and 16.6% in total cost[3]. Additionally, simulation and empirical data from energy-efficient homes in cooling-dominated climates reveal that strategies such as PV integration, improved building envelopes, and battery storage can yield up to 75% peak load reduction during critical periods[4][F]. The shift from static, reactive DR to dynamic, context-aware frameworks—leveraging deep learning for load forecasting and disaggregation—further empowers buildings to actively participate in grid operations, ensuring both economic and operational resilience[5].","[1] https://hdl.handle.net/10919/96602
[2] https://hdl.handle.net/10919/86654
[3] https://hdl.handle.net/1853/63638
[4] https://dx.doi.org/10.34917/4478192
[5] https://hdl.handle.net/10919/104927","Energy and peak-demand savings from HVAC upgrades are discussed in various ways, though not always clearly. Some work describes using reinforcement learning and software to control HVAC during demand response, but doesn’t give specific numbers, just that user comfort is somehow balanced with savings [1]. Another approach talks about adjusting HVAC setpoints using deep learning, and mentions that it helps reduce peak load, but again there aren’t exact savings figures tied to HVAC alone [2]. There’s a study that uses machine learning to separate HVAC power from other loads and control it using an auction-based algorithm, which is said to be effective, though how much it saves is unclear [3]. One place that does give numbers says HVAC and water heating optimization led to 12.9% energy savings, 41.3% peak reduction, and 16.6% cost reduction, which seems useful but it's not clear how generalizable those numbers are [4]. Another source mentions that ASHRAE provides assessment standards and software tools for HVAC systems like eQUEST, and gives a list of assessment recommendations, saying there are six for HVAC, but doesn’t break down the actual savings [5].","[1] https://hdl.handle.net/10919/74423
[2] https://hdl.handle.net/10919/104927
[3] https://hdl.handle.net/10919/96602
[4] https://hdl.handle.net/1853/63638
[5] https://ir.ua.edu/handle/123456789/1856","Optimization of residential microgrids using black-box modeling methods
A Deep Learning-based Dynamic Demand Response Framework
Development of a Software Platform with Distributed Learning Algorithms for Building Energy Efficiency and Demand Response Applications
Industrial energy systems and assessment opportunities
Electrical Load Disaggregation and Demand Response in Commercial Buildings"
Ece,"What protection strategies are proposed for power grids with lots of solar and wind, and how do they adapt to changing conditions? ","The integration of wind and solar energy into modern power grids presents significant operational and protection challenges, primarily due to the variable and intermittent nature of these resources. High penetration of renewables like wind and solar increases net load volatility, ramping requirements, and the need for grid flexibility, which complicates the balancing of supply and demand and impacts system reliability and stability. For instance, studies on the Electric Reliability Council of Texas (ERCOT) grid show that while large-scale solar and wind installations can reduce dispatch costs and emissions, they also intensify ramp rates and volatility, especially at different times of day, necessitating more advanced grid management strategies [1]. Microgrids, incorporating distributed energy resources such as wind and solar, further challenge existing protection systems due to their bi-directional power flows and variable short circuit currents; thus, adaptive and advanced protection schemes—such as distance protection with residual voltage compensation and synchrophasor-based busbar protection—are being developed to address these issues [2]. Additionally, the transition to modern, customer-interactive distribution grids with widespread DERs increases the complexity of operation management and requires robust optimization and control methods to manage variability, scalability, and multi-authority coordination [3]. Conventional protection schemes are often inadequate for these new grid dynamics, prompting the adoption of adaptive protection algorithms and relay coordination techniques tailored for multi-topology scenarios [4]. Furthermore, the fault current behavior in wind farms, particularly those using Doubly Fed Induction Generators (DFIG), must be thoroughly understood to determine appropriate protection device ratings and settings, ensuring safe and reliable operation during faults [5].","[1] https://hdl.handle.net/2152/67639
[2] https://scholarsjunction.msstate.edu/td/404 
[3] https://hdl.handle.net/2097/34681
[4] https://hdl.handle.net/10919/103644
[5] https://hdl.handle.net/11244/10239 ","Various strategies are proposed to protect power grids with high solar and wind input, but they deal with different issues and don’t always explain how they work under changing conditions. One study proposes a hybrid solar PV and energy storage system that includes coordinated control of converters to regulate active and reactive power, but it’s not clear how this adapts if weather or load changes quickly [1]. Another approach treats buildings like virtual batteries using thermal mass and HVAC systems for frequency regulation, though the exact performance under volatile grid conditions is mostly described in terms of model accuracy and operation scheduling [2]. A utility-scale study suggests solar and wind don’t complement each other well seasonally, which affects storage needs, and says that grid flexibility is influenced by how much the system can base-load [3]. A simulation of ERCOT grid behavior shows how solar increases ramping and volatility, and the document talks about needing “flexibility” and demand-side solutions like microturbines and chillers [4]. One thesis proposes a new converter control mechanism using fuzzy and adaptive methods that work better than conventional methods when system conditions vary, but only shows the results in simulation and lab tests [5].","[1] https://ir.ua.edu/handle/123456789/1948
[2] https://ir.ua.edu/handle/123456789/3344
[3] https://dx.doi.org/10.34917/3274330
[4] https://hdl.handle.net/2152/67639
[5] https://ir.ua.edu/handle/123456789/612","Energy-based analysis of utility scale hybrid power systems
Control of power converter for grid integration of renewable energy conversion and STATCOM systems
The benefits and challenges of renewables on the electric grid and opportunities for systems integration and demand side management
Uncertainty quantifications and operation optimization of buildings as virtual batteries for the grid with high penetrations of renewables
Solar photovoltaic energy generation and conversion --from devices to grid integration"
Ece,"For very small antennas, what performance goals (efficiency, bandwidth, data rate) are realistic? ","Recent research into wideband, compact, and efficient antennas for wireless communication has focused on overcoming the fundamental trade-off between antenna size and bandwidth. One promising approach involves time-varying techniques, where the resonant frequency of an electrically small antenna is dynamically shifted, allowing for wideband data transmission despite a narrow instantaneous bandwidth; this enables compact transmitters with high data rates and minimizes architecture complexity [1]. Another strategy seeks to break the size-bandwidth limitation by loading antennas with nonlinear elements, which can increase impedance bandwidth without enlarging antenna volume, though care must be taken to manage efficiency losses due to harmonics generated by nonlinearity [2]. Additionally, novel antenna designs such as the WC J-pole antenna demonstrate that a physically small form factor can achieve up to 50% impedance fractional bandwidth, and practical guidelines are provided for optimizing bandwidth at various frequencies while maintaining efficiency, even in proximity to the human body [3]. Techniques like coupling feed and inductive shorting have also been proposed to achieve wide bandwidth, increased gain, and low specific absorption rate (SAR) in small antennas, addressing the demands for multi-band operation in modern cellular systems [4]. Finally, advanced modeling using characteristic mode theory has enabled the design and fabrication of electrically small antennas with near-optimal bandwidth and impedance matching, including multimode and meanderline structures, further pushing the limits of miniaturization without sacrificing performance [5].","[1] https://hdl.handle.net/10919/25435
[2] https://hdl.handle.net/10919/76984
[3] https://hdl.handle.net/10919/29853
[4] https://doi.org/10.37099/mtu.dc.etdr/291
[5] https://hdl.handle.net/2142/24442","For very small antennas, performance goals like bandwidth, efficiency, and data rate are constrained by fundamental limits, but several strategies attempt to improve them with mixed results. Some designs use volume-efficient structures or reconfigurable electronics for wider bandwidth, though low profiles often suffer from loss and poor radiation patterns [1]. Time-varying antennas achieve high data rates by rapidly shifting resonance frequencies for modulation, even when the antenna has a narrow bandwidth, making small size a benefit rather than a limitation [2]. Loading antennas with nonlinear elements can enhance impedance bandwidth, but tends to reduce efficiency due to harmonic losses [3]. Alternative geometries, such as inductive shorting and coupling feed, aim to increase gain and bandwidth while lowering SAR, though full system trade-offs aren’t always clear [4]. Characteristic mode theory also helps explain how to achieve near-optimum bandwidth by coupling into useful modes and avoiding unnecessary complexity, and can guide broadband multimode antenna design [5].","[1] https://hdl.handle.net/10919/49554
[2] https://hdl.handle.net/10919/25435
[3] https://hdl.handle.net/10919/76984
[4] https://doi.org/10.37099/mtu.dc.etdr/291
[5] https://hdl.handle.net/2142/24442","Time-varying Small Antennas for Wideband Applications
Characteristic Modes for Impedance Matching and Broadbanding of Electrically Small Antennas
Electrically-Small Antenna Performance Enhancement for Near-Field Detuning Environments
SMALL SIZE COUPLING FEED AND INDUCTIVE SHORTING ANTENNA FOR WIDE BANDWIDTH, INCREASED GAIN AND EFFICIENCY WITH LOW SPECIFIC ABSORPTION RATE (SAR) OPERATION
A Nonlinear Technique for Bandwidth Improvement in Narrowband Antennas"
Ece,Which networking approaches are used to connect large numbers of low-power devices on campuses or in cities?,"Low-power wireless networking and computation have advanced significantly, driving energy-efficient and resilient systems that enable applications across domains such as the Internet of Things (IoT), smart cities, and large-scale sensor networks. Innovations in energy harvesting and low-complexity circuit design have led to self-sustaining IoT devices capable of ultra-low-power communication, with transmitter and harvester architectures validated through simulation and prototyping to operate solely on harvested RF energy, minimizing reliance on batteries and external power sources [1]. At the network level, distributed algorithms for large sensor deployments manage power collaboratively, allocating computation and communication tasks among nodes to extend network lifetime and maintain robustness in fault-prone environments [2]. In mobile ad hoc and dense networking scenarios, load-balancing strategies distribute redundant computational tasks across devices, achieving notable energy savings and reducing communication overhead [3]. Hybrid neighbor discovery protocols that integrate high- and low-power radios enable efficient peer discovery while balancing communication range and energy usage, demonstrated through Android-based implementations [4]. Furthermore, advances in low-power mixed-signal and analog computation near sensor nodes—particularly in wearable and embedded systems—reduce dependence on energy-intensive cloud communication, with programmable analog processing mitigating process and environmental variations [5]. Collectively, these developments form the foundation for the next generation of energy-efficient, scalable, and adaptive wireless networks and computation platforms for pervasive, real-time applications.","[1] https://hdl.handle.net/10919/104146
[2] https://hdl.handle.net/10919/33975
[3] https://hdl.handle.net/2142/24220
[4] https://hdl.handle.net/2142/26203
[5] https://hdl.handle.net/1853/59918","Mobile localization is a critical component in various wireless network applications, and several approaches have been developed to achieve accurate localization. One such approach is to incorporate mobility information into localization schemes, which has been shown to improve accuracy and robustness [1]. Additionally, trajectory-based localization using Wi-Fi or magnetic field measurements can be used to identify a trajectory and localize to a point on it [1]. In mobile Wi-Fi networks, group formation and communication protocols have been developed to enable efficient data dissemination among group members [2]. Furthermore, coordinated energy-efficient neighbor discovery protocols have been proposed to balance neighbor discovery range and battery usage in mobile devices [3]. In large-scale wireless ad hoc and sensor networks, optimal clustering and inter-cluster routing can significantly reduce energy consumption and improve network performance [4]. Finally, RF energy harvesting and information transfer can be used to power low-energy devices and increase their lifetime in IoT applications [5]. These advancements demonstrate the potential for innovative solutions to improve the performance and efficiency of various wireless network applications.","[1] https://hdl.handle.net/2152/28358
[2] https://hdl.handle.net/2142/24343
[3] https://hdl.handle.net/2142/26203
[4] https://hdl.handle.net/1853/59223
[5] https://hdl.handle.net/10657/4621","Optimal clustering and inter-cluster routing in large-scale wireless ad hoc and sensor networks
Coordinated energy efficient neighbor discovery
Mobile localization : approach and applications
Group formation and communication in mobile wi-fi networks
RF Energy Harvesting and Information Transfer Implementation in The Internet of Things"
Ece,What practical security guidelines are recommended for campus and city wireless networks?,"Practical security guidelines for campus and city wireless networks emphasize adaptive protection, privacy preservation, and efficiency in large, heterogeneous environments. One notable contribution is the development of methodologies for context-aware and adaptive security, which classify wireless networks based on operational parameters and select optimal security protocols for each category, thus balancing security, performance, and efficiency in resource-constrained environments[1]. Another significant area of study focuses on the security and privacy of wireless sensor networks, proposing cross-layer solutions and proxy-based filtering schemes to defend against both local and global attackers, while also introducing privacy-enhanced architectures to safeguard data-centric sensor networks[2]. Research has also delved into the information theoretic limits of secure wireless communication, analyzing the secrecy capacity in various relay network models and establishing strong secrecy guarantees even in the presence of adversarial or untrusted relay nodes[3]. Additionally, investigations into MAC-layer threats highlight vulnerabilities such as denial-of-service and man-in-the-middle attacks, and propose mathematical models and new schemes to secure wireless connections against these threats[4]. Finally, energy efficiency and security overhead have been explored, with findings indicating that lightweight encryption and careful protocol design can minimize performance penalties while maintaining robust security in wireless sensor and local area networks[5]. Collectively, these studies outline practical design principles—adaptivity, layered protection, privacy preservation, and energy efficiency—that form a foundation for secure, scalable wireless networks in academic and urban settings.","[1] https://hdl.handle.net/10919/29875
[2] https://etda.libraries.psu.edu/catalog/8989
[3] https://etda.libraries.psu.edu/catalog/10888
[4] https://hdl.handle.net/2142/34282
[5] https://ir.ua.edu/handle/123456789/595","Some practical security guidelines for campus and city wireless networks are mentioned in a few different ways across the documents, but they don’t all connect clearly. On campuses, a system called SINERGY tries to bring together emergency response and safety using a service-based setup, and it has some kind of method to assess SOA security using indicators, but it’s not very specific about actual wireless network protection [1]. In cities, one approach uses wireless network virtualization and edge computing to split up the network for different smart city uses, and adds blockchain to stop double-use of frequencies, which is said to help security somehow [2]. Another paper looks at how web apps lose data and recommends automatic tools that turn security ideas into actions, like stopping data leaks, but it's more focused on websites than wireless [3]. There’s also mention of software that checks code for cryptographic issues, but it found many current industry scanners still fail to catch real problems, meaning even when tools exist, they’re not always reliable [4]. One document talks about selecting preventive maintenance for pavements, which isn’t related to wireless network security, but was included [5].","[1] https://hdl.handle.net/10919/26782
[2] https://proxy.lib.odu.edu/login?url=https://www-proquest-com.proxy.lib.odu.edu/dissertations-theses/edge-computing-enabled-resilient-wireless-network/docview/2089394514/se-2?accountid=12967
[3] https://hdl.handle.net/1853/55013
[4] https://hdl.handle.net/10919/99849
[5] https://hdl.handle.net/10919/19264","A Campus Situational Awareness and Emergency Response Management System Architecture
From Theory to Practice: Deployment-grade Tools and Methodologies for Software Security
Edge Computing Enabled Resilient Wireless Network Virtualization for Smart City Applications
District Level Preventive Maintenance Treatment Selection Tool for Use in Virginia
Building data-centric security mechanisms for web applications"
CS,What types of 3D interaction techniques have been explored to help users perform better in virtual or augmented reality environments?,"Research on interaction techniques for virtual and augmented reality has made strong progress in using tangible and context-aware tools to enhance user performance and engagement. Tangible user interfaces (TUIs) that use augmented reality (AR)—for example, physical props tracked via ARToolKit in CAVE systems—enable intuitive 3D manipulation and navigation, allowing seamless transitions between one- and two-handed operations while reducing dependence on tethered devices (https://hdl.handle.net/10919/30836). In scientific data analysis, high-fidelity VR systems and gesture-based techniques like the Volume Cracker improve the usability of 3D volume visualizations, with studies showing how system fidelity affects task performance (https://hdl.handle.net/10919/51817). Educational AR systems for young STEM learners combine computer vision and machine learning to create engaging, hands-on learning experiences and support human–AI collaboration (https://hdl.handle.net/1903/26840). Context-sensitive frameworks also support dynamic mapping across input devices in distributed environments, maintaining interoperability and responsiveness (https://hdl.handle.net/10919/27940). Finally, hovercast slider menus for 3D object interaction showcase more fluid and adaptive approaches to virtual manipulation (Figure Link; https://hdl.handle.net/10919/83948). Collectively, these advances reflect a shift toward more natural, adaptive, and effective interfaces in immersive VR and AR systems.",,"The following documents on Mixed Reality (MR) and Augmented Reality (AR) are summarized. The first paper, ""Walk-Centric User Interfaces for Mixed Reality"" [https://hdl.handle.net/10919/84460], explores the role of walking in MR applications. It presents new evidence and interaction designs for walking-centered interfaces, including techniques for point marking in AR. The second paper, ""Usability Engineering of Text Drawing Styles in Augmented Reality User Interfaces"" [https://hdl.handle.net/10919/29093], focuses on the legibility of text in AR environments. It identifies characteristics of text drawing styles that affect legibility and proposes an active text drawing style that adapts to real-world backgrounds. The third paper, ""Tangible User Interface for CAVE based on Augmented Reality Technique"" [https://hdl.handle.net/10919/30836], presents a new 3D user interface system for CAVE applications using AR and Tangible User Interface (TUI). The system uses physical objects as input devices and allows for seamless interaction. The fourth paper, ""Effects of Visual Displays on 3D Interaction in Virtual Environments"" [https://hdl.handle.net/10919/10001], investigates the effects of different display types (HMD and CAVE) on 3D interaction tasks. It provides guidelines for migrating selection and manipulation techniques between displays. The use of augmented reality (AR) in engineering is demonstrated through the visualization of pipes, enhancing the understanding of complex systems [https://doi.org/10.7275/10677221.0].
These papers contribute to the development of MR and AR technologies, focusing on user interfaces, interaction techniques, and usability engineering. They demonstrate the potential of MR and AR to revolutionize human-computer interaction [https://hdl.handle.net/10919/84460, https://hdl.handle.net/10919/29093, https://hdl.handle.net/10919/30836, https://hdl.handle.net/10919/10001].",,"Walk-Centric User Interfaces for Mixed Reality
https://hdl.handle.net/10919/84460
Usability Engineering of Text Drawing Styles in Augmented Reality User Interfaces
https://hdl.handle.net/10919/29093
Tangible User Interface for CAVE based on Augmented Reality Technique
https://hdl.handle.net/10919/30836
Effects of Visual Displays on 3D Interaction in Virtual Environments
https://hdl.handle.net/10919/10001
Figure A.89: Engineers have the pipes shown with augmented reality
DEEP-LEARNED GENERATIVE REPRESENTATIONS OF 3D SHAPE FAMILIES
Figure Link; https://doi.org/10.7275/10677221.0"
CS,"How have AI tools helped people analyze data more easily, especially those without strong programming skills? ","A wide range of AI-driven tools now make data analysis and application development easier for people without strong programming backgrounds. Block-based programming tools for Alexa Skills, for instance, let even elementary school students create conversational AI applications, narrowing the gap between technology consumers and developers [https://hdl.handle.net/1721.1/122704]. In data analysis, spreadsheet tools remain the most widely used platform, combining data storage, programming, and debugging in a familiar environment [https://doi.org/10.7275/10678415.0]. For educators, frameworks such as SimBuilder allow teachers to design and adapt educational simulations without coding expertise, promoting exploratory learning in K–12 classrooms [https://hdl.handle.net/10919/28766]. In genomics, workflow systems like BioFlow offer web-based interfaces for visually designing and managing complex pipelines while supporting error tracking through audit logs [https://hdl.handle.net/10919/24809]. Visual analytics tools also help users explore and interpret high-dimensional data, as demonstrated in medical imaging [https://digitalcommons.wayne.edu/oa_dissertations/685]. Collectively, these innovations show how AI tools are becoming more intuitive and inclusive, empowering broader participation in data analysis and development.",,"AI tools have made data analysis more manageable for individuals without strong programming expertise, primarily through structured interfaces and simplified visualization systems (https://hdl.handle.net/10919/48422, https://hdl.handle.net/10919/70950, https://hdl.handle.net/10919/28766). Visual analytics tools with object-level interactions allow limited manipulation of model parameters and basic exploration of high-dimensional datasets, helping users observe outcomes rather than perform in-depth analysis (https://hdl.handle.net/10919/70950). Frameworks designed for reuse and learning within visual programming environments have been developed to assist novice users, particularly educators, in building and modifying educational simulations, though their functionality often remains confined to small-scale tasks (https://hdl.handle.net/10919/28766). Similarly, block-based programming tools for Alexa Skill creation have lowered the technical entry barrier, enabling inexperienced users, including children, to construct simple conversational AI programs without genuine understanding of the underlying logic (https://hdl.handle.net/1721.1/122704). These systems have reduced the technical difficulty of interacting with AI systems but have not eliminated dependence on pre-defined tool structures or templates. Research indicates that interactive analysis tools can support surface-level data exploration and limited insight generation, even when users lack advanced computational skills (https://hdl.handle.net/10919/70950). Overall, while AI tools have made data analysis more accessible and visually guided, they mainly promote usability over analytical depth, leaving expert-level interpretation largely unchanged.",,"Knowledge Discovery in Intelligence Analysis
https://hdl.handle.net/10919/48422
Designing and Evaluating Object-Level Interaction to Support Human-Model Communication in Data Analysis
https://hdl.handle.net/10919/70950
A framework for Learning and Reuse in Visual Programming Environments: Supporting Novice Programmer Development of Educational Simulations
https://hdl.handle.net/10919/28766
Tools to create and democratize conversational artificial intelligence
https://hdl.handle.net/1721.1/122704
Self-Perceived Competence with Lesbian, Gay, and Bisexual Clients: A Qualitative Study with Heterosexual Early Career Psychologists and Advanced Trainees
https://etda.libraries.psu.edu/catalog/11508"
CS, What human-centered design methods are used in developing real-time classroom analytics systems? ,"Human-centered design methods for real-time classroom analytics systems focus on user involvement, transparency, and actionable visualization grounded in educational settings. One study developed teacher-facing dashboards for game-based assessments, using instructor feedback to improve usability and decision support through principles of actionability and transparency (https://hdl.handle.net/1721.1/130702). Related research on “human-in-the-loop” analytics emphasized user control and system explainability, showing how iterative feedback enhances both usability and model interpretability (https://hdl.handle.net/1903/26063). Visual analytics approaches that integrate computational and human reasoning through interactive visualizations [Figure Link] reinforce the importance of user cognition and perceptual affordances in system design (https://hdl.handle.net/1903/21003). A web-based study on visual analytics tasks further demonstrated how interface interactivity and cognitive feedback can reduce bias and improve analytical performance (https://hdl.handle.net/2142/99421). Design guidelines for visual IoT analytics systems [Table Link] synthesize optimization and visualization strategies for responsive, user-oriented analytics in real-time environments (https://hdl.handle.net/10919/33409). Collectively, these works highlight an evolving convergence between visualization design, feedback-centered iteration, and evidence-based educational technology, establishing that effective classroom analytics systems must balance automation with human interpretive engagement at every stage of design and use.",,"Several studies have examined the use of technology in different application areas without necessarily focusing on user engagement or creativity. Researchers have implemented ambient technology to influence behavioral outcomes, such as mitigating noise-induced hearing loss in musicians through environmental feedback mechanisms [https://digital.library.unt.edu/ark:/67531/metadc804947/]. Other work has addressed the development of teacher-facing analytics dashboards for game-based assessments, emphasizing functionality and data representation rather than user experience [https://hdl.handle.net/1721.1/130702]. Research on the use of analogies in product innovation has centered on identifying and categorizing design-by-analogy cases, primarily to document the process rather than to enhance creativity in design [https://hdl.handle.net/1853/51891]. Studies in machine learning have produced algorithmic approaches that enable structured and repetitive feedback in educational systems, though these applications tend to remain experimental and limited in classroom adoption [https://digital.library.unt.edu/ark:/67531/metadc1404562/]. In parallel, analytical design procedures have been explored for optimizing mechanical systems such as surface mount permanent magnet machines and induction machines, relying on predictable modeling frameworks and schematic representations [Figure link; https://hdl.handle.net/1853/37280]. Collectively, these studies illustrate that technology has been applied across multiple domains in mostly procedural and system-driven ways, emphasizing process consistency over innovation or user-centered outcomes.",,"Predictive Modeling for Persuasive Ambient Technology
https://digital.library.unt.edu/ark:/67531/metadc804947/
Improving the efficacy of teacher-facing analytics dashboards for game-based assessment and beyond
https://hdl.handle.net/1721.1/130702
Surveying trends in analogy-inspired product innovation
https://hdl.handle.net/1853/51891
Toward Supporting Fine-Grained, Structured, Meaningful and Engaging Feedback in Educational Applications
https://digital.library.unt.edu/ark:/67531/metadc1404562/
Figure 3.10: Flowchart of the SMPM analytical design method
Method for design and optimization of surface mount permanent magnet machines and induction machines
Figure link; https://hdl.handle.net/1853/37280"
CS,What challenges are documented in applying machine learning models to limited supervision or noisy datasets?,"Recent research has significantly advanced the development of machine learning models capable of handling noisy, incomplete, or corrupted datasets, particularly in high-dimensional and unstructured contexts. One key direction has been the design of algorithms that exploit the multi-dimensional structure of signals, rather than treating noise and missing information in isolation. By leveraging the inherent structure in the data, these models can improve classification and representation performance even when labels are unreliable or information is missing [https://digitalcommons.wayne.edu/oa_dissertations/2166]. Deep learning methods, especially convolutional neural networks (CNNs), have shown state-of-the-art results on visual object recognition tasks but are often hindered by the need for large, clean labeled datasets. Semi-supervised and robust training approaches have been proposed to address label scarcity and noise, enabling models to learn effectively from limited or noisy annotations [https://digitalcommons.wayne.edu/oa_dissertations/2026]. In addition, strategies such as weak supervision, outlier filtering, and hybrid approaches combining deep and traditional methods have demonstrated improved robustness and scalability for both classification and representation tasks in corrupted environments [https://etda.libraries.psu.edu/catalog/9484]. Further, research has addressed non-convex optimization challenges arising from data perturbations, developing perturbation-aware algorithms that maintain generalization and reliability in the presence of adversarial or random data corruption [https://hdl.handle.net/1721.1/127004]. Finally, practical advances in outlier detection and integrity checks—such as the Deep k-Nearest Neighbors classifier—provide mechanisms for identifying unreliable predictions, thereby enhancing the trustworthiness of machine learning models applied to noisy or adversarial datasets [https://etda.libraries.psu.edu/catalog/15065ngp5056].",,"The application of machine learning models to limited supervision or noisy datasets is a challenging task, and several studies have documented the challenges and proposed solutions to address them (https://hdl.handle.net/1853/47700, https://hdl.handle.net/2142/110579, https://hdl.handle.net/2142/107972, https://etda.libraries.psu.edu/catalog/17131azs5955, https://etda.libraries.psu.edu/catalog/23319). For instance, the lack of training data and the complexity of narratives in news article datasets make it difficult to apply traditional text classification methods, and weakly supervised classification methods that rely on class name semantics may not be effective (https://hdl.handle.net/2142/110579). Additionally, the use of noisy metadata in scholarly big datasets can lead to incorrect indexing and retrieval, and machine learning models may struggle to learn from such data (https://etda.libraries.psu.edu/catalog/17131azs5955). Furthermore, the privacy risk in machine learning systems is a significant concern, and attacks on models can reveal sensitive information, making it essential to develop protection mechanisms that balance privacy and data utility (https://hdl.handle.net/2142/107972). The development of improved generative modeling approaches for semi-supervised and domain adaptive classifier learning can help address these challenges, and methods such as stochastic data generation and space-partitioning can lead to better classification performance and generalization on unseen data (https://etda.libraries.psu.edu/catalog/23319). However, the lack of a suitable syntactic representation for machine learning problems and solutions can limit the development of mechanized and automated statistical and algorithmic principles, making it difficult to experiment with customized statistical models and alternative algorithms (https://hdl.handle.net/1853/47700). Overall, these studies highlight the need for further research and development of methods and techniques that can effectively address the challenges of applying machine learning models to limited supervision or noisy datasets.",,"Syntactic foundations for machine learning
https://hdl.handle.net/1853/47700
Mining social media stimulus from news article text using weakly-supervised narrative classification
https://hdl.handle.net/2142/110579
Understanding and mitigating privacy risk in machine learning systems
https://hdl.handle.net/2142/107972
Record Linkage Between CiteSeerX and Scholarly Big Datasets
https://etda.libraries.psu.edu/catalog/17131azs5955
Improved generative modeling approaches for semi-supervised and domain adaptive classifier learning from labels and constraints
https://etda.libraries.psu.edu/catalog/23319"
CS,What methods are used to combine different kinds of knowledge and data sources to improve machine learning models? ,"Integrative approaches, such as consensus combination and inconsistency detection, have been developed to improve classification accuracy and anomaly detection by combining both labeled and unlabeled data from diverse domains. These methods enable actionable knowledge extraction even when traditional single-source learning would fail, as demonstrated in applications ranging from social network analysis to cyber-security and business intelligence [https://hdl.handle.net/2142/29822]. Knowledge transfer and sharing are particularly crucial when data is scarce or incomplete, requiring both supervised and unsupervised techniques to avoid negative transfer and bias while boosting generalization [https://digitalcommons.wayne.edu/oa_dissertations/829]. Information fusion frameworks utilizing kernel methods, fuzzy integrals, and genetic programming have shown that fusing evidence from multiple sources—such as sensor data, algorithms, and human input—yields more robust and accurate results compared to single-source models, especially in scenarios with noisy or limited data [https://doi.org/10.37099/mtu.dc.etdr/375][https://hdl.handle.net/10919/28198]. Mixture-of-kernels and composite kernel mapping approaches further allow automated learning of the relative importance of each data source, enhancing interpretability and reducing the need for extensive manual labeling [https://hdl.handle.net/10657/3675]. As illustrated in Figure [Figure Link], hybrid models that combine traditional and machine learning algorithms can further optimize performance by integrating complementary strengths [https://hdl.handle.net/1853/60768]. Collectively, these findings underscore the power of multi-source and knowledge-transfer strategies in overcoming data limitations, improving classification, and enabling scalable, domain-agnostic machine learning solutions.",,"Recent studies have explored various aspects of machine learning and its applications. Researchers have developed improved models for modeling dyadic interactions, leveraging auxiliary information and prior knowledge to enhance performance [https://hdl.handle.net/2152/47368]. Others have investigated the power of heterogeneous information sources, proposing frameworks for consensus combination and inconsistency detection to address challenges in multi-source classification and anomaly detection [https://hdl.handle.net/2142/29822]. Additionally, researchers have focused on improving evaluation methods for causal modeling, advocating for the use of interventional measures and empirical data to assess algorithm performance [https://doi.org/10.7275/22018034.0]. Furthermore, studies have addressed the problem of learning with insufficient data, developing techniques for knowledge transfer and sharing to enhance model generalizability [https://digitalcommons.wayne.edu/oa_dissertations/829]. Moreover, machine learning has been applied to real-world problems, such as travel-time prediction on freeways, using advanced models and techniques, as illustrated in a process diagram [Figure Link; https://hdl.handle.net/1853/47700]. These studies demonstrate the versatility and potential of machine learning to drive innovation in various fields.",,"Statistical analysis for modeling dyadic interactions using machine learning methods
https://hdl.handle.net/2152/47368
Exploring the power of heterogeneous information sources
https://hdl.handle.net/2142/29822
Improving Evaluation Methods for Causal Modeling
https://doi.org/10.7275/22018034.0
Learning With An Insufficient Supply Of Data Via Knowledge Transfer And Sharing
https://digitalcommons.wayne.edu/oa_dissertations/829
Figure 2: Process diagram of travel-time prediction using machine learning methods
Advanced machine learning models for online travel-time prediction on freeways
Figure Link; https://hdl.handle.net/1853/47700"
CS,How has parallel programming evolved to support modern high-performance computing systems? ,"Programming heterogeneous parallel and approximate computing systems presents significant challenges due to the diversity of hardware architectures, parallelism models, and memory hierarchies. Recent research addresses these complexities by proposing new abstractions and compiler frameworks for improved portability and performance. One notable approach introduces HPVM, a hierarchical dataflow graph-based intermediate representation that captures parallelism across various hardware and supports both functional and performance portability. Its extension, ApproxHPVM, enables accuracy-aware performance and energy tuning by translating application-level accuracy constraints into hardware-specific requirements, facilitating dynamic scheduling and efficient offloading to accelerators while maintaining user-specified accuracy levels (https://hdl.handle.net/2142/104762). Complementary work explores high-level programming languages and compilation techniques, such as leveraging Chapel and StarPU, to map computations efficiently onto emerging architectures like GPUs, with compiler-driven heuristics for optimizing nested parallel loops and providing portable machine characterization (https://hdl.handle.net/2142/45443).
Further advancements include frameworks for transparent GPU virtualization, enabling applications to utilize distributed GPU resources as if they were local, thus supporting GPU-as-a-service paradigms and live migration for load balancing (https://hdl.handle.net/10919/51845). Another line of research develops runtime systems like MPI-ACC, which extend familiar programming models to automate data movement and task mapping across CPUs and accelerators in clusters, improving both productivity and cluster utilization (https://hdl.handle.net/10919/52366). Additionally, template-based static optimization frameworks in C++ demonstrate that concise, pattern-driven code can achieve performance on par with optimized C on multi-core CPUs, balancing productivity, performance, and portability (https://hdl.handle.net/2142/49466).
Collectively, these innovations underscore the importance of compiler and runtime support, high-level abstractions, and virtualization in democratizing access to heterogeneous parallel computing, improving programmability, and achieving scalable, portable performance across diverse systems.",,"Parallel programming has evolved significantly to support modern high-performance computing systems, with various frameworks and techniques being developed to improve productivity, performance, and portability (https://hdl.handle.net/1853/52985, https://hdl.handle.net/1853/54431, https://hdl.handle.net/2152/33304, https://hdl.handle.net/2142/49466, https://hdl.handle.net/2142/49427). For instance, speculative parallelization has been explored as a means to efficiently utilize many-cores with minimal programmer effort, with techniques such as feedback-driven concurrency control and algorithmic speculation being developed (https://hdl.handle.net/1853/52985). Additionally, high-performance instrumentation frameworks have been designed to collect and represent parallel programs, enabling a deeper understanding of dynamic aspects of programs and optimizing compiler optimizations (https://hdl.handle.net/1853/54431). Furthermore, managed languages and virtual machine technologies have been optimized to exploit hardware heterogeneity and parallelism, achieving high performance, energy efficiency, and portability on evolving parallel hardware (https://hdl.handle.net/2152/33304). Template-based static optimization and library-driven optimization have also been developed as programming frameworks to achieve a good combination of productivity, performance, and portability, allowing developers to write concise code that achieves close-to-optimal performance on a wide range of parallel machines (https://hdl.handle.net/2142/49466, https://hdl.handle.net/2142/49427). Overall, these studies demonstrate the significance of parallel programming in supporting modern high-performance computing systems, and highlight the importance of developing frameworks and techniques that can efficiently utilize parallelism, optimize performance, and improve productivity.",,"Programming frameworks for performance driven speculative parallelization
https://hdl.handle.net/1853/52985
Collecting and representing parallel programs with high performance instrumentation
https://hdl.handle.net/1853/54431
Exploiting hardware heterogeneity and parallelism for performance and energy efficiency of managed languages
https://hdl.handle.net/2152/33304
High-performance parallel programming framework using template-based static optimization
https://hdl.handle.net/2142/49466
Supporting high-level, high-performance parallel programming with library-driven optimization
https://hdl.handle.net/2142/49427"
CS,What are the reported challenges in ensuring trustworthy NLP for healthcare applications? ,"Ensuring trustworthy NLP for healthcare applications involves tackling challenges in data quality, model reliability, and contextual understanding. Traditional “knowledge-lean” statistical models, while effective for many NLP tasks, often fail in domains requiring deeper contextual or encyclopedic knowledge. By leveraging large unlabeled corpora, Wikipedia-derived knowledge, and logical constraints, researchers have demonstrated improvements in tasks such as named entity recognition, information extraction, and coreference resolution, showing that knowledge-rich approaches can outperform conventional methods [https://hdl.handle.net/2142/31198]. In the medical domain, NLP plays a key role in extracting patient information from electronic health records (EHRs) and clinical notes, though issues such as data heterogeneity and noisy terminology persist. Advanced models like translation-edit and attention-based reasoning support automatic question answering and clinical event prediction within EHRs [https://hdl.handle.net/10919/104711]. Comparative evaluations of NLP algorithms for medical texts reveal that variations in annotation standards can cause inconsistent results, highlighting the need for improved fidelity in clinical concept extraction [https://hdl.handle.net/1721.1/100298]. Beyond healthcare, research on adversarial attacks and model integrity identifies vulnerabilities in deep learning systems and suggests using integrity checks to enhance robustness and interpretability [https://etda.libraries.psu.edu/catalog/15065ngp5056]. A visual comparison between traditional and smart healthcare illustrates the growing impact of integrated NLP and machine learning in modern clinical environments [Figure Link, https://digital.library.unt.edu/ark:/67531/metadc1157532/].",,"The reported challenges in ensuring trustworthy NLP for healthcare applications include the need for robust adaptation to language variation, handling of unstructured and noisy clinical texts, and ensuring the trustworthiness of logging and event-based probing mechanisms (https://hdl.handle.net/10919/104711, https://hdl.handle.net/1853/58201, https://hdl.handle.net/2142/92849, https://hdl.handle.net/1721.1/100298, https://hdl.handle.net/1721.1/119754). For instance, language variation in clinical texts can lead to poor performance of NLP systems, and techniques such as text normalization and domain adaptation are needed to overcome these challenges (https://hdl.handle.net/1853/58201). Additionally, the use of event-based probing mechanisms can help detect attacks and system hangs, but ensuring the trustworthiness of these mechanisms is crucial (https://hdl.handle.net/2142/92849). Furthermore, the comparison of different NLP algorithms for medical texts highlights the need for standardized evaluation metrics and datasets to ensure consistent and reliable results (https://hdl.handle.net/1721.1/100298). The application of NLP to precision clinical diagnostics and treatment also requires careful consideration of the trustworthiness of the output, particularly when using deep learning and machine learning methods (https://hdl.handle.net/1721.1/119754). Overall, these studies demonstrate the importance of addressing the challenges of trustworthy NLP in healthcare applications to ensure accurate and reliable results, as discussed in the references provided (https://hdl.handle.net/10919/104711, https://hdl.handle.net/1853/58201, https://hdl.handle.net/2142/92849, https://hdl.handle.net/1721.1/100298, https://hdl.handle.net/1721.1/119754).",,"Automatic Question Answering and Knowledge Discovery from Electronic Health Records
https://hdl.handle.net/10919/104711
Robust adaptation of natural language processing for language variation
https://hdl.handle.net/1853/58201
An architecture for trustworthy services built on event-based probing of untrusted guests
https://hdl.handle.net/2142/92849
Comparison of natural language processing algorithms for medical texts
https://hdl.handle.net/1721.1/100298
Figure 10a. Increasing the Trustworthiness of an Example Stimulus
Distance Based Visual Cues to Interpersonal Trust
Figure Link; https://resolver.caltech.edu/CaltechTHESIS:06042012-095743080"
CS, What technology solutions have been developed to reduce digital inequity for low-resource communities?,"Technology solutions aimed at reducing digital inequity for low-resource communities emphasize participatory design, affordability, and contextual relevance. One study developed the Respectful Space for technology typology, a framework grounded in oral traditions and underrepresented narratives to ensure that digital systems amplify marginalized voices while preserving cultural agency and ownership (https://hdl.handle.net/10919/103473). Building on this, another long-term engagement in Nepal demonstrated how assets-based socio-technical systems can empower trafficking survivors by leveraging existing community strengths instead of external interventions, promoting self-determined, sustainable reintegration through inclusive co-design practices (https://hdl.handle.net/10919/104635). Addressing inequities in digital literacy, research on digital security education revealed that fragmented and inconsistent online materials disproportionately disadvantage under-resourced users, calling for unified, accessible, and evidence-based approaches to bridge the digital safety divide (https://hdl.handle.net/1903/25404). Another line of work explored the role of social media and computing infrastructures in supporting asylum seekers and undocumented migrants, showing how technology facilitates coordination, advocacy, and care networks while highlighting design failures that marginalize these humanitarian efforts (https://hdl.handle.net/10919/99900). Finally, a project proposing a low-cost wireless Internet system for rural India used aging satellites and community-based Wi-Fi distribution to deliver affordable Internet connectivity to remote villages, offering a replicable model for resource-constrained environments (https://hdl.handle.net/10919/42495). Together, these studies demonstrate that addressing digital inequity requires more than infrastructure—it depends on culturally grounded, community-driven, and socially aware technological design.",,"Several technology solutions have been developed to reduce digital inequity for low-resource communities, including amplifying underrepresented stories, improving social interaction in local community organizations, creating online communities, and developing low-power communication systems (https://hdl.handle.net/10919/103473, https://hdl.handle.net/10919/32741, https://hdl.handle.net/10919/45436, https://hdl.handle.net/10919/33579, https://hdl.handle.net/1853/47814). For example, the ""Respectful Space"" framework has been developed to amplify underrepresented stories and ensure that technology design respects the agency and ownership of these stories (https://hdl.handle.net/10919/103473). Additionally, research has been conducted on the effect of technology on social interaction in local community organizations, highlighting the importance of considering how technology can be used to aid social interaction in these settings (https://hdl.handle.net/10919/32741). The concept of community has also been explored in the context of synchronous computer-mediated communication, highlighting the potential for online communities to exist and thrive in low-resource settings (https://hdl.handle.net/10919/45436). Furthermore, research has been conducted on rural income and wealth inequality in China, highlighting the need for technology solutions that can address these disparities (https://hdl.handle.net/10919/33579). Finally, low-power communication systems have been developed to enable multi-gigabit communication in low-resource settings, with applications in mobile communication devices and other areas (https://hdl.handle.net/1853/47814). Overall, these studies demonstrate the potential of technology to reduce digital inequity and improve the lives of individuals in low-resource communities.",,"Amplifying the Griot: Technology for Preserving, Retelling, and Supporting Underrepresented Stories
https://hdl.handle.net/10919/103473
The Effect of Technology on Social Interaction in Local Community Organizations
https://hdl.handle.net/10919/32741
The Concept of Community and the Synchronous Computer-Mediated Communication of the Internet
https://hdl.handle.net/10919/45436
Rural Income and Wealth Inequality in China: A Study of Anhui and Sichuan Provinces, 1994-1995
https://hdl.handle.net/10919/33579
Multi-gigabit CMOS analog-to-digital converter and mixed-signal demodulator for low-power millimeter-wave communication systems
https://hdl.handle.net/1853/47814"
